instr,clsuter0,cluster1,cluster2
3,0.23993335184670925,0.32685365176339903,0.4332129963898917
2,0.1523545706371191,0.4626038781163435,0.3850415512465374
1,0.1935483870967742,0.48774193548387096,0.31870967741935485
